<?xml version="1.0"?>
<ruleset name="Learndash"
	xmlns:xsi="http://www.w3.org/2001/XMLSchema-instance"
	xsi:noNamespaceSchemaLocation="vendor/squizlabs/php_codesniffer/phpcs.xsd">
	<description>The custom ruleset for the Learndash Plugin.</description>

	<!-- For help in understanding this file: https://github.com/squizlabs/PHP_CodeSniffer/wiki/Annotated-ruleset.xml -->
	<!-- For help in using PHPCS: https://github.com/squizlabs/PHP_CodeSniffer/wiki/Usage -->

	<!-- What to scan -->
	<file>.</file>
	<!-- Ignoring Files and Folders:
		https://github.com/squizlabs/PHP_CodeSniffer/wiki/Advanced-Usage#ignoring-files-and-folders -->
	<exclude-pattern>/node_modules/</exclude-pattern>
	<exclude-pattern>/vendor/composer/</exclude-pattern>
	<exclude-pattern>/vendor/dealerdirect/</exclude-pattern>
	<exclude-pattern>/vendor/phpcompatibility/</exclude-pattern>
	<exclude-pattern>/vendor/squizlabs/</exclude-pattern>
	<exclude-pattern>/vendor/wp-coding-standards/</exclude-pattern>

	<!-- How to scan -->
	<arg value="sp"/> <!-- Show sniff and progress -->
	<arg name="report" value="full,summary,source"/> <!-- Formats of the report -->
	<arg name="colors"/> <!-- Show results with colors -->
	<arg name="basepath" value="."/> <!-- Strip the file paths down to the relevant bit -->
	<arg name="parallel" value="8"/> <!-- Enables parallel processing when available for faster results. -->
	<arg name="extensions" value="php"/> <!-- Limit to PHP files -->

	<!-- Rules: Check PHP version compatibility - see
		https://github.com/PHPCompatibility/PHPCompatibilityWP -->
	<rule ref="PHPCompatibilityWP">
	</rule>
	<!-- For help in understanding this testVersion:
		https://github.com/PHPCompatibility/PHPCompatibility#sniffing-your-code-for-compatibility-with-specific-php-versions -->
	<config name="testVersion" value="5.6-"/>

	<!-- Rules: WordPress Coding Standards - see
		https://github.com/WordPress-Coding-Standards/WordPress-Coding-Standards -->
	<config name="minimum_supported_wp_version" value="4.9"/>
	<!-- For help in understanding this custom sniff properties:
		https://github.com/WordPress-Coding-Standards/WordPress-Coding-Standards/wiki/Customizable-sniff-properties -->
	<rule ref="WordPress-Extra">
		<exclude name="PEAR.NamingConventions.ValidClassName.StartWithCapital"/>
		<!-- Remove after phpcbf is completed. -->
		<exclude name="WordPress.PHP.StrictComparisons"/>
	</rule>

	<rule ref="WordPress.Files.FileName">
		<properties>
			<property name="strict_class_file_names" value="false"/>
		</properties>
		<exclude name="WordPress.Files.FileName.NotHyphenatedLowercase"/>
	</rule>

	<rule ref="WordPress.NamingConventions.PrefixAllGlobals">
		<properties>
			<property name="prefixes" type="array">
				<element value="learndash"/>
				<element value="wpProQuiz"/>
			</property>
		</properties>
	</rule>

	<rule ref="WordPress.WP.I18n">
		<properties>
			<property name="text_domain" type="array">
				<element value="learndash"/>
			</property>
		</properties>
	</rule>
	</ruleset>
