<wpml-config>
	<custom-types>
		<custom-type translate="1">sfwd-courses</custom-type>
		<custom-type translate="1">sfwd-lessons</custom-type>
		<custom-type translate="1">sfwd-topic</custom-type>
		<custom-type translate="1">sfwd-quiz</custom-type>
		<custom-type translate="1">sfwd-assignment</custom-type>
		<custom-type translate="1">sfwd-essays</custom-type>
		<custom-type translate="1">groups</custom-type>
		<custom-type translate="1">sfwd-certificates</custom-type>
		<custom-type translate="0">sfwd-transactions</custom-type>
	</custom-types>
	<taxonomies>
		<taxonomy translate="1">ld_course_category</taxonomy>
		<taxonomy translate="1">ld_course_tag</taxonomy>
		<taxonomy translate="1">ld_lesson_category</taxonomy>
		<taxonomy translate="1">ld_lesson_tag</taxonomy>
		<taxonomy translate="1">ld_topic_category</taxonomy>
		<taxonomy translate="1">ld_topic_tag</taxonomy>
	</taxonomies>
	<custom-fields>
		<custom-field action="ignore">course_id</custom-field>
		<custom-field action="ignore">lesson_id</custom-field>
		<custom-field action="ignore">quiz_pro_id</custom-field>
		<custom-field action="ignore">course_price_billing_p3</custom-field>
		<custom-field action="ignore">course_price_billing_t3</custom-field>
		<custom-field action="ignore">_sfwd-courses</custom-field>
		<custom-field action="ignore">ld_course_steps</custom-field>
		<custom-field action="ignore">_sfwd-lessons</custom-field>
		<custom-field action="ignore">_sfwd-topic</custom-field>
		<custom-field action="ignore">_sfwd-quiz</custom-field>
	</custom-fields>

	<admin-texts>
		<key name="sfwd_cpt_options" >
			<key name="modules" >
				<key name="sfwd-courses_options" >
					<key name="sfwd-courses_paypal_currency" />
					<key name="sfwd-courses_paypal_country" />
					<key name="sfwd-courses_paypal_cancelurl" />
					<key name="sfwd-courses_paypal_returnurl" />
					<key name="sfwd-courses_paypal_notifyurl" />
				</key>
			</key>
		</key>
		<key name="learndash_settings_custom_labels" >
			<key name="course" />
			<key name="courses" />
			<key name="lesson" />
			<key name="lessons" />
			<key name="topic" />
			<key name="topics" />
			<key name="quiz" />
			<key name="quizzes" />
			<key name="button_take_this_course" />
			<key name="button_mark_complete" />
			<key name="button_click_here_to_continue" />
		</key>
	</admin-texts>
	
</wpml-config>


